sensor,pos,old_label,new_label
u101,5,0,0
u101,35,0,0
u101,65,0,0
u101,95,0,0
u101,125,0,0
u101,155,0,0
u101,185,0,0
u101,215,0,0
u101,245,0,0
u101,275,0,0
u101,305,0,0
u101,335,0,0
u101,365,0,0
u101,395,0,0
u101,425,0,0
u101,455,0,0
u101,485,0,0
u101,515,0,0
u101,545,0,0
u101,575,0,0
u101,605,0,0
u101,635,0,0
u101,665,0,0
u101,695,0,0
u101,725,0,0
u101,755,0,0
u101,785,0,0
u101,815,0,0
u101,845,0,0
u201,5,0,0
u201,35,0,0
u201,65,0,0
u201,95,0,0
u201,125,0,0
u201,155,0,0
u201,185,0,0
u201,215,0,0
u201,245,0,0
u201,275,0,0
u201,305,0,0
u201,335,0,0
u201,365,0,0
u201,395,0,0
u201,425,0,1
u201,455,0,0
u201,485,0,0
u201,515,0,0
u201,545,0,0
u201,575,0,0
u201,605,0,0
u201,635,0,0
u201,665,0,0
u201,695,0,0
u201,725,0,0
u201,755,0,0
u201,785,0,0
u201,815,0,0
u201,845,0,0
u301,5,0,0
u301,35,0,0
u301,65,0,0
u301,95,0,0
u301,125,0,0
u301,155,0,0
u301,185,0,0
u301,215,0,0
u301,245,0,0
u301,275,0,0
u301,305,0,0
u301,335,0,0
u301,365,0,0
u301,395,0,1
u301,425,0,0
u301,455,0,0
u301,485,0,0
u301,515,0,0
u301,545,0,0
u301,575,0,0
u301,605,0,0
u301,635,0,0
u301,665,0,0
u301,695,0,0
u301,725,0,0
u301,755,0,0
u301,785,0,0
u301,815,0,0
u301,845,0,0
u501,5,0,0
u501,35,0,0
u501,65,0,0
u501,95,0,0
u501,125,0,0
u501,155,0,0
u501,185,0,0
u501,215,0,0
u501,245,0,1
u501,275,0,0
u501,305,0,0
u501,335,0,0
u501,365,0,0
u501,395,0,0
u501,425,0,0
u501,455,0,0
u501,485,0,0
u501,515,0,0
u501,545,0,0
u501,575,0,0
u501,605,0,0
u501,635,0,0
u501,665,0,0
u501,695,0,0
u501,725,0,0
u501,755,0,0
u501,785,0,0
u501,815,0,0
u501,845,0,0
u601,5,0,0
u601,35,0,0
u601,65,0,0
u601,95,0,0
u601,125,0,0
u601,155,0,0
u601,185,0,0
u601,215,0,0
u601,245,0,0
u601,275,0,0
u601,305,0,0
u601,335,0,0
u601,365,0,0
u601,395,0,1
u601,425,0,0
u601,455,0,0
u601,485,0,0
u601,515,0,0
u601,545,0,0
u601,575,0,0
u601,605,0,0
u601,635,0,1
u601,665,0,0
u601,695,0,0
u601,725,0,0
u601,755,0,0
u601,785,0,1
u601,815,0,0
u601,845,0,1
u110,5,0,0
u110,35,0,0
u110,65,0,0
u110,95,0,0
u110,125,0,0
u110,155,0,0
u110,185,0,0
u110,215,0,0
u110,245,0,0
u110,275,0,0
u110,305,0,0
u110,335,0,0
u110,365,0,0
u110,395,0,0
u110,425,0,0
u110,455,0,0
u110,485,0,0
u110,515,0,0
u110,545,0,0
u110,575,0,0
u110,605,0,0
u110,635,0,0
u110,665,0,0
u110,695,0,0
u110,725,0,0
u110,755,0,0
u110,785,0,0
u110,815,0,0
u110,845,0,0
u210,5,0,0
u210,35,0,0
u210,65,0,0
u210,95,0,0
u210,125,0,0
u210,155,0,0
u210,185,0,0
u210,215,0,0
u210,245,0,0
u210,275,0,0
u210,305,0,0
u210,335,0,0
u210,365,0,0
u210,395,0,0
u210,425,0,0
u210,455,0,0
u210,485,0,0
u210,515,0,0
u210,545,0,0
u210,575,0,0
u210,605,0,0
u210,635,0,0
u210,665,0,0
u210,695,0,0
u210,725,0,0
u210,755,0,0
u210,785,0,0
u210,815,0,0
u210,845,0,0
u310,5,0,0
u310,35,0,0
u310,65,0,0
u310,95,0,0
u310,125,0,0
u310,155,0,0
u310,185,0,0
u310,215,0,0
u310,245,0,0
u310,275,0,0
u310,305,0,0
u310,335,0,0
u310,365,0,0
u310,395,0,0
u310,425,0,0
u310,455,0,0
u310,485,0,0
u310,515,0,0
u310,545,0,0
u310,575,0,1
u310,605,0,0
u310,635,0,0
u310,665,0,0
u310,695,0,0
u310,725,0,0
u310,755,0,0
u310,785,0,0
u310,815,0,0
u310,845,0,0
u510,5,0,0
u510,35,0,0
u510,65,0,0
u510,95,0,0
u510,125,0,0
u510,155,0,0
u510,185,0,1
u510,215,0,0
u510,245,0,0
u510,275,0,0
u510,305,0,0
u510,335,0,0
u510,365,0,1
u510,395,0,0
u510,425,0,0
u510,455,0,0
u510,485,0,0
u510,515,0,1
u510,545,0,0
u510,575,0,1
u510,605,0,1
u510,635,0,1
u510,665,0,0
u510,695,0,0
u510,725,0,0
u510,755,0,0
u510,785,0,0
u510,815,0,1
u510,845,0,0
u610,5,0,0
u610,35,0,0
u610,65,0,0
u610,95,0,0
u610,125,0,0
u610,155,0,0
u610,185,0,0
u610,215,0,0
u610,245,0,0
u610,275,0,0
u610,305,0,0
u610,335,0,0
u610,365,0,0
u610,395,0,0
u610,425,0,0
u610,455,0,0
u610,485,0,0
u610,515,0,0
u610,545,0,0
u610,575,0,0
u610,605,0,0
u610,635,0,0
u610,665,0,0
u610,695,0,0
u610,725,0,0
u610,755,0,0
u610,785,0,0
u610,815,0,0
u610,845,0,0
u710,5,0,0
u710,35,0,0
u710,65,0,0
u710,95,0,0
u710,125,0,0
u710,155,0,0
u710,185,0,0
u710,215,0,0
u710,245,0,0
u710,275,0,0
u710,305,0,0
u710,335,0,0
u710,365,0,0
u710,395,0,0
u710,425,0,0
u710,455,0,0
u710,485,0,1
u710,515,0,0
u710,545,0,0
u710,575,0,0
u710,605,0,0
u710,635,0,0
u710,665,0,0
u710,695,0,0
u710,725,0,0
u710,755,0,0
u710,785,0,0
u710,815,0,0
u710,845,0,0
u111,5,0,0
u111,35,0,0
u111,65,0,0
u111,95,0,0
u111,125,0,0
u111,155,0,0
u111,185,0,0
u111,215,0,0
u111,245,0,0
u111,275,0,0
u111,305,0,0
u111,335,0,0
u111,365,0,0
u111,395,0,1
u111,425,0,0
u111,455,0,0
u111,485,0,0
u111,515,0,0
u111,545,0,1
u111,575,0,0
u111,605,0,0
u111,635,0,0
u111,665,0,0
u111,695,0,0
u111,725,0,0
u111,755,0,0
u111,785,0,0
u111,815,0,0
u111,845,0,0
u211,5,0,0
u211,35,0,1
u211,65,0,1
u211,95,0,0
u211,125,0,0
u211,155,0,1
u211,185,0,0
u211,215,0,0
u211,245,0,0
u211,275,0,0
u211,305,0,0
u211,335,0,1
u211,365,0,0
u211,395,0,0
u211,425,0,0
u211,455,0,0
u211,485,0,0
u211,515,0,0
u211,545,0,0
u211,575,0,0
u211,605,0,0
u211,635,0,0
u211,665,0,0
u211,695,0,0
u211,725,0,0
u211,755,0,0
u211,785,0,0
u211,815,0,0
u211,845,0,0
u311,5,0,0
u311,35,0,0
u311,65,0,0
u311,95,0,0
u311,125,0,0
u311,155,0,0
u311,185,0,0
u311,215,0,0
u311,245,0,0
u311,275,0,0
u311,305,0,0
u311,335,0,0
u311,365,0,0
u311,395,0,0
u311,425,0,0
u311,455,0,0
u311,485,0,0
u311,515,0,0
u311,545,0,0
u311,575,0,0
u311,605,0,0
u311,635,0,0
u311,665,0,0
u311,695,0,0
u311,725,0,0
u311,755,0,0
u311,785,0,0
u311,815,0,0
u311,845,0,0
u511,5,0,0
u511,35,0,0
u511,65,0,0
u511,95,0,0
u511,125,0,0
u511,155,0,0
u511,185,0,0
u511,215,0,0
u511,245,0,0
u511,275,0,0
u511,305,0,0
u511,335,0,0
u511,365,0,0
u511,395,0,0
u511,425,0,0
u511,455,0,0
u511,485,0,0
u511,515,0,0
u511,545,0,0
u511,575,0,0
u511,605,0,0
u511,635,0,0
u511,665,0,0
u511,695,0,0
u511,725,0,0
u511,755,0,0
u511,785,0,0
u511,815,0,0
u511,845,0,0
u611,5,0,0
u611,35,0,0
u611,65,0,0
u611,95,0,0
u611,125,0,0
u611,155,0,0
u611,185,0,0
u611,215,0,0
u611,245,0,0
u611,275,0,0
u611,305,0,0
u611,335,0,0
u611,365,0,0
u611,395,0,0
u611,425,0,0
u611,455,0,0
u611,485,0,0
u611,515,0,0
u611,545,0,0
u611,575,0,0
u611,605,0,0
u611,635,0,0
u611,665,0,0
u611,695,0,0
u611,725,0,0
u611,755,0,0
u611,785,0,0
u611,815,0,0
u611,845,0,0
u711,5,0,0
u711,35,0,0
u711,65,0,0
u711,95,0,1
u711,125,0,0
u711,155,0,0
u711,185,0,0
u711,215,0,0
u711,245,0,0
u711,275,0,0
u711,305,0,0
u711,335,0,0
u711,365,0,1
u711,395,0,0
u711,425,0,0
u711,455,0,0
u711,485,0,0
u711,515,0,0
u711,545,0,0
u711,575,0,1
u711,605,0,0
u711,635,0,0
u711,665,0,0
u711,695,0,0
u711,725,0,0
u711,755,0,0
u711,785,0,0
u711,815,0,0
u711,845,0,0
u112,5,0,0
u112,35,0,0
u112,65,0,0
u112,95,0,0
u112,125,0,0
u112,155,0,0
u112,185,0,0
u112,215,0,0
u112,245,0,0
u112,275,0,0
u112,305,0,0
u112,335,0,0
u112,365,0,0
u112,395,0,0
u112,425,0,0
u112,455,0,0
u112,485,0,0
u112,515,0,0
u112,545,0,0
u112,575,0,0
u112,605,0,0
u112,635,0,0
u112,665,0,0
u112,695,0,0
u112,725,0,0
u112,755,0,0
u112,785,0,0
u112,815,0,0
u112,845,0,0
u212,5,0,0
u212,35,0,0
u212,65,0,1
u212,95,0,0
u212,125,0,0
u212,155,0,0
u212,185,0,0
u212,215,0,1
u212,245,0,0
u212,275,0,0
u212,305,0,0
u212,335,0,0
u212,365,0,0
u212,395,0,0
u212,425,0,0
u212,455,0,0
u212,485,0,0
u212,515,0,0
u212,545,0,0
u212,575,0,0
u212,605,0,1
u212,635,0,1
u212,665,0,0
u212,695,0,0
u212,725,0,1
u212,755,0,0
u212,785,0,0
u212,815,0,0
u212,845,0,0
u312,5,0,0
u312,35,0,0
u312,65,0,0
u312,95,0,0
u312,125,0,0
u312,155,0,0
u312,185,0,0
u312,215,0,0
u312,245,0,0
u312,275,0,0
u312,305,0,0
u312,335,0,0
u312,365,0,0
u312,395,0,0
u312,425,0,0
u312,455,0,0
u312,485,0,0
u312,515,0,0
u312,545,0,0
u312,575,0,0
u312,605,0,0
u312,635,0,1
u312,665,0,0
u312,695,0,0
u312,725,0,0
u312,755,0,0
u312,785,0,0
u312,815,0,0
u312,845,0,0
u512,5,0,0
u512,35,0,0
u512,65,0,0
u512,95,0,0
u512,125,0,0
u512,155,0,0
u512,185,0,0
u512,215,0,0
u512,245,0,0
u512,275,0,0
u512,305,0,0
u512,335,0,0
u512,365,0,0
u512,395,0,0
u512,425,0,0
u512,455,0,0
u512,485,0,0
u512,515,0,0
u512,545,0,0
u512,575,0,0
u512,605,0,0
u512,635,0,0
u512,665,0,0
u512,695,0,0
u512,725,0,0
u512,755,0,0
u512,785,0,0
u512,815,0,0
u512,845,0,0
u612,5,0,0
u612,35,0,0
u612,65,0,0
u612,95,0,0
u612,125,0,0
u612,155,0,0
u612,185,0,0
u612,215,0,1
u612,245,0,0
u612,275,0,0
u612,305,0,0
u612,335,0,0
u612,365,0,0
u612,395,0,0
u612,425,0,0
u612,455,0,0
u612,485,0,0
u612,515,0,0
u612,545,0,0
u612,575,0,0
u612,605,0,0
u612,635,0,0
u612,665,0,0
u612,695,0,0
u612,725,0,0
u612,755,0,0
u612,785,0,0
u612,815,0,0
u612,845,0,0
u712,5,0,0
u712,35,0,0
u712,65,0,0
u712,95,0,0
u712,125,0,1
u712,155,0,1
u712,185,0,0
u712,215,0,0
u712,245,0,0
u712,275,0,0
u712,305,0,0
u712,335,0,0
u712,365,0,0
u712,395,0,0
u712,425,0,0
u712,455,0,0
u712,485,0,1
u712,515,0,0
u712,545,0,0
u712,575,0,1
u712,605,0,0
u712,635,0,0
u712,665,0,0
u712,695,0,0
u712,725,0,0
u712,755,0,0
u712,785,0,0
u712,815,0,0
u712,845,0,0
u213,5,0,0
u213,35,0,0
u213,65,0,0
u213,95,0,0
u213,125,0,0
u213,155,0,0
u213,185,0,0
u213,215,0,0
u213,245,0,0
u213,275,0,0
u213,305,0,0
u213,335,0,0
u213,365,0,0
u213,395,0,0
u213,425,0,0
u213,455,0,0
u213,485,0,0
u213,515,0,0
u213,545,0,0
u213,575,0,0
u213,605,0,0
u213,635,0,0
u213,665,0,0
u213,695,0,0
u213,725,0,0
u213,755,0,0
u213,785,0,0
u213,815,0,0
u213,845,0,0
u313,5,0,0
u313,35,0,0
u313,65,0,0
u313,95,0,0
u313,125,0,0
u313,155,0,0
u313,185,0,0
u313,215,0,0
u313,245,0,0
u313,275,0,0
u313,305,0,0
u313,335,0,0
u313,365,0,0
u313,395,0,0
u313,425,0,0
u313,455,0,0
u313,485,0,0
u313,515,0,0
u313,545,0,0
u313,575,0,0
u313,605,0,0
u313,635,0,0
u313,665,0,0
u313,695,0,0
u313,725,0,0
u313,755,0,0
u313,785,0,0
u313,815,0,0
u313,845,0,0
u713,5,0,0
u713,35,0,0
u713,65,0,0
u713,95,0,0
u713,125,0,0
u713,155,0,0
u713,185,0,0
u713,215,0,0
u713,245,0,0
u713,275,0,0
u713,305,0,0
u713,335,0,0
u713,365,0,0
u713,395,0,0
u713,425,0,0
u713,455,0,0
u713,485,0,0
u713,515,0,0
u713,545,0,0
u713,575,0,0
u713,605,0,0
u713,635,0,0
u713,665,0,0
u713,695,0,0
u713,725,0,0
u713,755,0,0
u713,785,0,0
u713,815,0,0
u713,845,0,0
u714,5,0,0
u714,35,0,0
u714,65,0,0
u714,95,0,0
u714,125,0,0
u714,155,0,0
u714,185,0,0
u714,215,0,0
u714,245,0,0
u714,275,0,0
u714,305,0,0
u714,335,0,0
u714,365,0,0
u714,395,0,0
u714,425,0,0
u714,455,0,0
u714,485,0,0
u714,515,0,0
u714,545,0,0
u714,575,0,0
u714,605,0,0
u714,635,0,0
u714,665,0,0
u714,695,0,0
u714,725,0,0
u714,755,0,1
u714,785,0,0
u714,815,0,0
u714,845,0,0
u102,5,0,0
u102,35,0,0
u102,65,0,0
u102,95,0,0
u102,125,0,0
u102,155,0,0
u102,185,0,0
u102,215,0,0
u102,245,0,0
u102,275,0,0
u102,305,0,0
u102,335,0,0
u102,365,0,0
u102,395,0,0
u102,425,0,0
u102,455,0,0
u102,485,0,0
u102,515,0,0
u102,545,0,0
u102,575,0,0
u102,605,0,0
u102,635,0,0
u102,665,0,0
u102,695,0,0
u102,725,0,0
u102,755,0,0
u102,785,0,0
u102,815,0,0
u102,845,0,0
u302,5,0,0
u302,35,0,0
u302,65,0,0
u302,95,0,0
u302,125,0,0
u302,155,0,0
u302,185,0,0
u302,215,0,0
u302,245,0,0
u302,275,0,0
u302,305,0,0
u302,335,0,0
u302,365,0,0
u302,395,0,0
u302,425,0,0
u302,455,0,0
u302,485,0,0
u302,515,0,0
u302,545,0,1
u302,575,0,0
u302,605,0,0
u302,635,0,0
u302,665,0,0
u302,695,0,0
u302,725,0,0
u302,755,0,1
u302,785,0,0
u302,815,0,0
u302,845,0,0
u502,5,0,0
u502,35,0,0
u502,65,0,0
u502,95,0,0
u502,125,0,0
u502,155,0,0
u502,185,0,0
u502,215,0,0
u502,245,0,0
u502,275,0,0
u502,305,0,0
u502,335,0,1
u502,365,0,0
u502,395,0,0
u502,425,0,0
u502,455,0,0
u502,485,0,0
u502,515,0,0
u502,545,0,0
u502,575,0,0
u502,605,0,0
u502,635,0,0
u502,665,0,0
u502,695,0,1
u502,725,0,0
u502,755,0,0
u502,785,0,0
u502,815,0,0
u502,845,0,0
u602,5,0,0
u602,35,0,0
u602,65,0,0
u602,95,0,0
u602,125,0,0
u602,155,0,0
u602,185,0,0
u602,215,0,0
u602,245,0,0
u602,275,0,0
u602,305,0,0
u602,335,0,0
u602,365,0,1
u602,395,0,1
u602,425,0,0
u602,455,0,0
u602,485,0,0
u602,515,0,0
u602,545,0,0
u602,575,0,0
u602,605,0,0
u602,635,0,0
u602,665,0,0
u602,695,0,0
u602,725,0,0
u602,755,0,0
u602,785,0,0
u602,815,0,0
u602,845,0,0
u702,5,0,0
u702,35,0,0
u702,65,0,0
u702,95,0,0
u702,125,0,0
u702,155,0,0
u702,185,0,0
u702,215,0,0
u702,245,0,0
u702,275,0,0
u702,305,0,0
u702,335,0,0
u702,365,0,0
u702,395,0,0
u702,425,0,0
u702,455,0,0
u702,485,0,0
u702,515,0,0
u702,545,0,0
u702,575,0,0
u702,605,0,0
u702,635,0,0
u702,665,0,0
u702,695,0,0
u702,725,0,0
u702,755,0,0
u702,785,0,0
u702,815,0,0
u702,845,0,0
u103,5,0,0
u103,35,0,0
u103,65,0,0
u103,95,0,0
u103,125,0,0
u103,155,0,0
u103,185,0,0
u103,215,0,0
u103,245,0,0
u103,275,0,0
u103,305,0,0
u103,335,0,0
u103,365,0,0
u103,395,0,0
u103,425,0,0
u103,455,0,0
u103,485,0,0
u103,515,0,0
u103,545,0,0
u103,575,0,0
u103,605,0,0
u103,635,0,0
u103,665,0,0
u103,695,0,0
u103,725,0,0
u103,755,0,0
u103,785,0,0
u103,815,0,0
u103,845,0,0
u203,5,0,0
u203,35,0,0
u203,65,0,0
u203,95,0,0
u203,125,0,0
u203,155,0,0
u203,185,0,0
u203,215,0,0
u203,245,0,0
u203,275,0,0
u203,305,0,0
u203,335,0,0
u203,365,0,0
u203,395,0,0
u203,425,0,1
u203,455,0,0
u203,485,0,0
u203,515,0,0
u203,545,0,0
u203,575,0,0
u203,605,0,0
u203,635,0,0
u203,665,0,0
u203,695,0,0
u203,725,0,0
u203,755,0,0
u203,785,0,0
u203,815,0,0
u203,845,0,0
u303,5,0,0
u303,35,0,0
u303,65,0,0
u303,95,0,0
u303,125,0,1
u303,155,0,0
u303,185,0,1
u303,215,0,0
u303,245,0,0
u303,275,0,0
u303,305,0,0
u303,335,0,0
u303,365,0,0
u303,395,0,0
u303,425,0,0
u303,455,0,0
u303,485,0,0
u303,515,0,0
u303,545,0,0
u303,575,0,0
u303,605,0,0
u303,635,0,0
u303,665,0,0
u303,695,0,0
u303,725,0,0
u303,755,0,0
u303,785,0,0
u303,815,0,0
u303,845,0,0
u503,5,0,0
u503,35,0,0
u503,65,0,0
u503,95,0,0
u503,125,0,0
u503,155,0,0
u503,185,0,0
u503,215,0,0
u503,245,0,0
u503,275,0,0
u503,305,0,0
u503,335,0,0
u503,365,0,0
u503,395,0,0
u503,425,0,0
u503,455,0,0
u503,485,0,0
u503,515,0,0
u503,545,0,0
u503,575,0,0
u503,605,0,0
u503,635,0,0
u503,665,0,0
u503,695,0,0
u503,725,0,0
u503,755,0,0
u503,785,0,0
u503,815,0,0
u503,845,0,0
u603,5,0,0
u603,35,0,0
u603,65,0,0
u603,95,0,0
u603,125,0,0
u603,155,0,0
u603,185,0,0
u603,215,0,0
u603,245,0,0
u603,275,0,0
u603,305,0,0
u603,335,0,0
u603,365,0,0
u603,395,0,0
u603,425,0,0
u603,455,0,0
u603,485,0,0
u603,515,0,0
u603,545,0,0
u603,575,0,0
u603,605,0,0
u603,635,0,0
u603,665,0,0
u603,695,0,0
u603,725,0,0
u603,755,0,0
u603,785,0,0
u603,815,0,0
u603,845,0,0
u703,5,0,0
u703,35,0,0
u703,65,0,0
u703,95,0,0
u703,125,0,0
u703,155,0,0
u703,185,0,0
u703,215,0,0
u703,245,0,0
u703,275,0,0
u703,305,0,0
u703,335,0,0
u703,365,0,0
u703,395,0,0
u703,425,0,0
u703,455,0,0
u703,485,0,0
u703,515,0,0
u703,545,0,0
u703,575,0,0
u703,605,0,0
u703,635,0,0
u703,665,0,1
u703,695,0,0
u703,725,0,0
u703,755,0,0
u703,785,0,0
u703,815,0,0
u703,845,0,0
u104,5,0,0
u104,35,0,0
u104,65,0,0
u104,95,0,0
u104,125,0,0
u104,155,0,0
u104,185,0,0
u104,215,0,0
u104,245,0,0
u104,275,0,0
u104,305,0,0
u104,335,0,0
u104,365,0,0
u104,395,0,0
u104,425,0,0
u104,455,0,0
u104,485,0,0
u104,515,0,0
u104,545,0,0
u104,575,0,0
u104,605,0,0
u104,635,0,0
u104,665,0,0
u104,695,0,0
u104,725,0,0
u104,755,0,0
u104,785,0,0
u104,815,0,0
u104,845,0,0
u204,5,0,0
u204,35,0,0
u204,65,0,0
u204,95,0,0
u204,125,0,0
u204,155,0,0
u204,185,0,0
u204,215,0,0
u204,245,0,0
u204,275,0,0
u204,305,0,0
u204,335,0,0
u204,365,0,0
u204,395,0,0
u204,425,0,1
u204,455,0,0
u204,485,0,0
u204,515,0,0
u204,545,0,0
u204,575,0,0
u204,605,0,0
u204,635,0,0
u204,665,0,0
u204,695,0,0
u204,725,0,0
u204,755,0,0
u204,785,0,0
u204,815,0,0
u204,845,0,0
u304,5,0,1
u304,35,0,0
u304,65,0,0
u304,95,0,0
u304,125,0,0
u304,155,0,0
u304,185,0,1
u304,215,0,1
u304,245,0,0
u304,275,0,0
u304,305,0,0
u304,335,0,0
u304,365,0,0
u304,395,0,0
u304,425,0,0
u304,455,0,0
u304,485,0,0
u304,515,0,0
u304,545,0,0
u304,575,0,0
u304,605,0,0
u304,635,0,0
u304,665,0,0
u304,695,0,0
u304,725,0,1
u304,755,0,0
u304,785,0,0
u304,815,0,0
u304,845,0,0
u504,5,0,0
u504,35,0,0
u504,65,0,0
u504,95,0,0
u504,125,0,0
u504,155,0,0
u504,185,0,0
u504,215,0,0
u504,245,0,0
u504,275,0,0
u504,305,0,0
u504,335,0,0
u504,365,0,0
u504,395,0,0
u504,425,0,0
u504,455,0,0
u504,485,0,0
u504,515,0,0
u504,545,0,0
u504,575,0,0
u504,605,0,0
u504,635,0,0
u504,665,0,0
u504,695,0,0
u504,725,0,0
u504,755,0,0
u504,785,0,0
u504,815,0,0
u504,845,0,0
u604,5,0,0
u604,35,0,0
u604,65,0,0
u604,95,0,0
u604,125,0,0
u604,155,0,0
u604,185,0,0
u604,215,0,0
u604,245,0,0
u604,275,0,0
u604,305,0,0
u604,335,0,0
u604,365,0,0
u604,395,0,0
u604,425,0,0
u604,455,0,0
u604,485,0,0
u604,515,0,0
u604,545,0,0
u604,575,0,0
u604,605,0,0
u604,635,0,0
u604,665,0,0
u604,695,0,0
u604,725,0,0
u604,755,0,0
u604,785,0,0
u604,815,0,0
u604,845,0,0
u704,5,0,0
u704,35,0,0
u704,65,0,0
u704,95,0,0
u704,125,0,1
u704,155,0,0
u704,185,0,0
u704,215,0,0
u704,245,0,0
u704,275,0,0
u704,305,0,0
u704,335,0,0
u704,365,0,0
u704,395,0,0
u704,425,0,0
u704,455,0,0
u704,485,0,0
u704,515,0,0
u704,545,0,0
u704,575,0,0
u704,605,0,0
u704,635,0,0
u704,665,0,0
u704,695,0,0
u704,725,0,0
u704,755,0,0
u704,785,0,0
u704,815,0,0
u704,845,0,0
u105,5,0,0
u105,35,0,0
u105,65,0,0
u105,95,0,0
u105,125,0,0
u105,155,0,0
u105,185,0,0
u105,215,0,0
u105,245,0,0
u105,275,0,0
u105,305,0,0
u105,335,0,0
u105,365,0,0
u105,395,0,0
u105,425,0,0
u105,455,0,0
u105,485,0,0
u105,515,0,0
u105,545,0,0
u105,575,0,0
u105,605,0,0
u105,635,0,0
u105,665,0,0
u105,695,0,0
u105,725,0,0
u105,755,0,0
u105,785,0,0
u105,815,0,0
u105,845,0,0
u205,5,0,0
u205,35,0,0
u205,65,0,0
u205,95,0,0
u205,125,0,0
u205,155,0,1
u205,185,0,0
u205,215,0,1
u205,245,0,0
u205,275,0,0
u205,305,0,1
u205,335,0,0
u205,365,0,0
u205,395,0,1
u205,425,0,0
u205,455,0,0
u205,485,0,0
u205,515,0,1
u205,545,0,0
u205,575,0,0
u205,605,0,0
u205,635,0,1
u205,665,0,0
u205,695,0,0
u205,725,0,0
u205,755,0,0
u205,785,0,0
u205,815,0,0
u205,845,0,0
u305,5,0,0
u305,35,0,0
u305,65,0,0
u305,95,0,0
u305,125,0,0
u305,155,0,0
u305,185,0,0
u305,215,0,0
u305,245,0,0
u305,275,0,0
u305,305,0,0
u305,335,0,0
u305,365,0,1
u305,395,0,0
u305,425,0,0
u305,455,0,0
u305,485,0,0
u305,515,0,0
u305,545,0,0
u305,575,0,0
u305,605,0,0
u305,635,0,0
u305,665,0,0
u305,695,0,0
u305,725,0,0
u305,755,0,1
u305,785,1,0
u305,815,0,0
u305,845,0,0
u505,5,0,0
u505,35,0,0
u505,65,0,0
u505,95,0,0
u505,125,0,0
u505,155,0,0
u505,185,0,0
u505,215,0,0
u505,245,0,0
u505,275,0,1
u505,305,0,0
u505,335,0,0
u505,365,0,0
u505,395,0,0
u505,425,0,0
u505,455,0,0
u505,485,0,0
u505,515,0,0
u505,545,0,0
u505,575,0,0
u505,605,0,0
u505,635,0,0
u505,665,0,0
u505,695,0,0
u505,725,0,0
u505,755,0,0
u505,785,0,0
u505,815,0,0
u505,845,0,0
u605,5,0,0
u605,35,0,0
u605,65,0,0
u605,95,0,0
u605,125,0,0
u605,155,0,0
u605,185,0,0
u605,215,0,0
u605,245,0,0
u605,275,0,0
u605,305,0,0
u605,335,0,0
u605,365,0,0
u605,395,0,0
u605,425,0,0
u605,455,0,0
u605,485,0,0
u605,515,0,0
u605,545,0,0
u605,575,0,0
u605,605,0,0
u605,635,0,0
u605,665,0,0
u605,695,0,0
u605,725,0,0
u605,755,0,0
u605,785,0,0
u605,815,0,0
u605,845,0,0
u705,5,0,0
u705,35,0,0
u705,65,0,0
u705,95,0,0
u705,125,0,0
u705,155,0,0
u705,185,0,0
u705,215,0,0
u705,245,0,0
u705,275,0,0
u705,305,0,0
u705,335,0,0
u705,365,0,0
u705,395,0,0
u705,425,0,0
u705,455,0,0
u705,485,0,0
u705,515,0,0
u705,545,0,0
u705,575,0,0
u705,605,0,0
u705,635,0,0
u705,665,0,0
u705,695,0,0
u705,725,0,0
u705,755,0,1
u705,785,0,0
u705,815,0,0
u705,845,0,0
u106,5,0,0
u106,35,0,0
u106,65,0,0
u106,95,0,0
u106,125,0,0
u106,155,0,0
u106,185,0,0
u106,215,0,0
u106,245,0,0
u106,275,0,0
u106,305,0,0
u106,335,0,0
u106,365,0,0
u106,395,0,0
u106,425,0,0
u106,455,0,0
u106,485,0,0
u106,515,0,0
u106,545,0,0
u106,575,0,0
u106,605,0,0
u106,635,0,0
u106,665,0,0
u106,695,0,0
u106,725,0,0
u106,755,0,0
u106,785,0,0
u106,815,0,1
u106,845,0,0
u206,5,0,0
u206,35,0,0
u206,65,0,0
u206,95,0,0
u206,125,0,0
u206,155,0,0
u206,185,0,0
u206,215,0,0
u206,245,0,0
u206,275,0,0
u206,305,0,1
u206,335,0,0
u206,365,0,0
u206,395,0,0
u206,425,0,0
u206,455,0,0
u206,485,0,0
u206,515,0,0
u206,545,0,0
u206,575,0,0
u206,605,0,0
u206,635,0,0
u206,665,0,0
u206,695,0,0
u206,725,0,0
u206,755,0,0
u206,785,0,0
u206,815,0,0
u206,845,0,0
u306,5,0,0
u306,35,0,0
u306,65,0,0
u306,95,0,1
u306,125,0,0
u306,155,0,1
u306,185,0,0
u306,215,0,0
u306,245,0,0
u306,275,0,0
u306,305,0,0
u306,335,0,0
u306,365,0,0
u306,395,0,0
u306,425,0,0
u306,455,0,0
u306,485,0,0
u306,515,0,1
u306,545,0,0
u306,575,0,0
u306,605,0,1
u306,635,0,1
u306,665,0,0
u306,695,0,0
u306,725,0,0
u306,755,0,1
u306,785,0,0
u306,815,0,0
u306,845,0,0
u506,5,0,0
u506,35,0,0
u506,65,0,0
u506,95,0,0
u506,125,0,0
u506,155,0,0
u506,185,0,0
u506,215,0,0
u506,245,0,0
u506,275,0,0
u506,305,0,0
u506,335,0,0
u506,365,0,0
u506,395,0,0
u506,425,0,0
u506,455,0,0
u506,485,0,1
u506,515,0,0
u506,545,0,0
u506,575,0,0
u506,605,0,0
u506,635,0,0
u506,665,0,0
u506,695,0,0
u506,725,0,0
u506,755,0,0
u506,785,0,0
u506,815,0,0
u506,845,0,0
u606,5,0,0
u606,35,0,0
u606,65,0,0
u606,95,0,0
u606,125,0,0
u606,155,0,0
u606,185,0,0
u606,215,0,0
u606,245,0,0
u606,275,0,0
u606,305,0,0
u606,335,0,0
u606,365,0,0
u606,395,0,0
u606,425,0,0
u606,455,0,0
u606,485,0,0
u606,515,0,0
u606,545,0,0
u606,575,0,0
u606,605,0,0
u606,635,0,0
u606,665,0,0
u606,695,0,0
u606,725,0,0
u606,755,0,0
u606,785,0,0
u606,815,0,0
u606,845,0,0
u706,5,0,0
u706,35,0,0
u706,65,0,0
u706,95,0,0
u706,125,0,0
u706,155,0,0
u706,185,0,0
u706,215,0,0
u706,245,0,0
u706,275,0,0
u706,305,0,0
u706,335,0,1
u706,365,0,0
u706,395,0,0
u706,425,0,0
u706,455,0,0
u706,485,0,0
u706,515,0,0
u706,545,0,0
u706,575,0,0
u706,605,0,0
u706,635,0,0
u706,665,0,0
u706,695,0,0
u706,725,0,0
u706,755,0,0
u706,785,0,0
u706,815,0,0
u706,845,0,0
u107,5,0,0
u107,35,0,0
u107,65,0,0
u107,95,0,0
u107,125,0,0
u107,155,0,0
u107,185,0,0
u107,215,0,0
u107,245,0,0
u107,275,0,0
u107,305,0,0
u107,335,0,0
u107,365,0,0
u107,395,0,0
u107,425,0,0
u107,455,0,0
u107,485,0,0
u107,515,0,0
u107,545,0,0
u107,575,0,0
u107,605,0,0
u107,635,0,0
u107,665,0,0
u107,695,0,0
u107,725,0,0
u107,755,0,0
u107,785,0,0
u107,815,0,0
u107,845,0,0
u207,5,0,0
u207,35,0,0
u207,65,0,0
u207,95,0,0
u207,125,0,0
u207,155,0,0
u207,185,0,1
u207,215,0,1
u207,245,0,0
u207,275,0,0
u207,305,0,0
u207,335,0,0
u207,365,0,0
u207,395,0,0
u207,425,0,0
u207,455,0,0
u207,485,0,0
u207,515,0,0
u207,545,0,0
u207,575,0,0
u207,605,0,0
u207,635,0,0
u207,665,0,0
u207,695,0,0
u207,725,0,0
u207,755,0,0
u207,785,0,0
u207,815,0,0
u207,845,0,0
u307,5,0,0
u307,35,0,0
u307,65,0,0
u307,95,0,0
u307,125,0,0
u307,155,0,0
u307,185,0,0
u307,215,0,0
u307,245,0,0
u307,275,0,0
u307,305,0,0
u307,335,0,0
u307,365,0,0
u307,395,0,0
u307,425,0,0
u307,455,0,0
u307,485,0,0
u307,515,0,0
u307,545,0,0
u307,575,0,0
u307,605,0,1
u307,635,0,0
u307,665,0,0
u307,695,0,0
u307,725,0,1
u307,755,0,0
u307,785,0,0
u307,815,0,0
u307,845,0,0
u507,5,0,0
u507,35,0,0
u507,65,0,0
u507,95,0,0
u507,125,0,0
u507,155,0,0
u507,185,0,0
u507,215,0,0
u507,245,0,0
u507,275,0,0
u507,305,0,0
u507,335,0,0
u507,365,0,0
u507,395,0,0
u507,425,0,0
u507,455,0,0
u507,485,0,0
u507,515,0,0
u507,545,0,0
u507,575,0,0
u507,605,0,0
u507,635,0,0
u507,665,0,0
u507,695,0,0
u507,725,0,0
u507,755,0,0
u507,785,0,0
u507,815,0,0
u507,845,0,0
u607,5,0,0
u607,35,0,0
u607,65,0,0
u607,95,0,0
u607,125,0,0
u607,155,0,0
u607,185,0,1
u607,215,0,0
u607,245,0,0
u607,275,0,0
u607,305,0,1
u607,335,0,0
u607,365,0,0
u607,395,0,1
u607,425,0,0
u607,455,0,0
u607,485,0,0
u607,515,0,1
u607,545,0,0
u607,575,0,0
u607,605,0,0
u607,635,0,0
u607,665,0,0
u607,695,0,0
u607,725,0,0
u607,755,0,0
u607,785,0,0
u607,815,0,1
u607,845,0,0
u707,5,0,0
u707,35,0,0
u707,65,0,0
u707,95,0,0
u707,125,0,0
u707,155,0,1
u707,185,0,0
u707,215,0,1
u707,245,0,0
u707,275,0,0
u707,305,0,0
u707,335,0,0
u707,365,0,0
u707,395,0,0
u707,425,0,0
u707,455,0,0
u707,485,0,1
u707,515,0,0
u707,545,0,0
u707,575,0,0
u707,605,0,0
u707,635,0,0
u707,665,0,0
u707,695,0,0
u707,725,0,0
u707,755,0,0
u707,785,0,0
u707,815,0,0
u707,845,0,0
u108,5,0,0
u108,35,0,0
u108,65,0,0
u108,95,0,0
u108,125,0,0
u108,155,0,0
u108,185,0,0
u108,215,0,0
u108,245,0,0
u108,275,0,0
u108,305,0,0
u108,335,0,0
u108,365,0,0
u108,395,0,0
u108,425,0,0
u108,455,0,0
u108,485,0,0
u108,515,0,0
u108,545,0,0
u108,575,0,0
u108,605,0,0
u108,635,0,1
u108,665,0,0
u108,695,0,0
u108,725,0,0
u108,755,0,0
u108,785,0,0
u108,815,0,0
u108,845,0,0
u208,5,0,0
u208,35,0,0
u208,65,0,0
u208,95,0,0
u208,125,0,0
u208,155,0,0
u208,185,0,0
u208,215,0,0
u208,245,0,0
u208,275,0,0
u208,305,0,0
u208,335,0,0
u208,365,0,0
u208,395,0,0
u208,425,0,0
u208,455,0,0
u208,485,0,0
u208,515,0,0
u208,545,0,0
u208,575,0,0
u208,605,0,0
u208,635,0,0
u208,665,0,0
u208,695,0,0
u208,725,0,0
u208,755,0,0
u208,785,0,0
u208,815,0,0
u208,845,0,0
u308,5,0,0
u308,35,0,0
u308,65,0,0
u308,95,0,0
u308,125,0,0
u308,155,0,0
u308,185,0,0
u308,215,0,0
u308,245,0,0
u308,275,0,0
u308,305,0,0
u308,335,0,0
u308,365,0,0
u308,395,0,0
u308,425,0,0
u308,455,0,0
u308,485,0,0
u308,515,0,0
u308,545,0,0
u308,575,0,1
u308,605,0,0
u308,635,0,1
u308,665,0,0
u308,695,0,0
u308,725,0,0
u308,755,0,0
u308,785,0,0
u308,815,0,0
u308,845,0,0
u508,5,0,0
u508,35,0,0
u508,65,0,0
u508,95,0,0
u508,125,0,0
u508,155,0,0
u508,185,0,0
u508,215,0,0
u508,245,0,0
u508,275,0,0
u508,305,0,0
u508,335,0,0
u508,365,0,0
u508,395,0,0
u508,425,0,0
u508,455,0,0
u508,485,0,0
u508,515,0,0
u508,545,0,0
u508,575,0,0
u508,605,0,0
u508,635,0,0
u508,665,0,0
u508,695,0,0
u508,725,0,0
u508,755,0,0
u508,785,0,0
u508,815,0,0
u508,845,0,0
u608,5,0,0
u608,35,0,0
u608,65,0,0
u608,95,0,0
u608,125,0,0
u608,155,0,0
u608,185,0,0
u608,215,0,0
u608,245,0,0
u608,275,0,0
u608,305,0,0
u608,335,0,1
u608,365,1,0
u608,395,0,1
u608,425,0,1
u608,455,0,0
u608,485,0,0
u608,515,0,0
u608,545,0,0
u608,575,0,1
u608,605,0,1
u608,635,0,0
u608,665,0,0
u608,695,0,0
u608,725,0,0
u608,755,0,1
u608,785,0,0
u608,815,0,0
u608,845,0,0
u708,5,0,0
u708,35,0,1
u708,65,0,0
u708,95,0,0
u708,125,0,0
u708,155,0,0
u708,185,0,0
u708,215,0,0
u708,245,0,1
u708,275,0,0
u708,305,0,0
u708,335,0,0
u708,365,0,0
u708,395,0,0
u708,425,0,1
u708,455,0,0
u708,485,0,0
u708,515,0,0
u708,545,0,0
u708,575,0,0
u708,605,0,0
u708,635,0,1
u708,665,0,0
u708,695,0,1
u708,725,0,0
u708,755,0,0
u708,785,0,1
u708,815,0,0
u708,845,0,1
u109,5,0,0
u109,35,0,0
u109,65,0,0
u109,95,0,0
u109,125,0,0
u109,155,0,0
u109,185,0,0
u109,215,0,0
u109,245,0,0
u109,275,0,0
u109,305,0,0
u109,335,0,0
u109,365,0,0
u109,395,0,0
u109,425,0,0
u109,455,0,0
u109,485,0,0
u109,515,0,0
u109,545,0,0
u109,575,0,0
u109,605,0,0
u109,635,0,0
u109,665,0,0
u109,695,0,0
u109,725,0,0
u109,755,0,0
u109,785,0,0
u109,815,0,1
u109,845,0,0
u209,5,0,0
u209,35,0,0
u209,65,0,0
u209,95,0,0
u209,125,0,0
u209,155,0,0
u209,185,0,0
u209,215,0,0
u209,245,0,0
u209,275,0,0
u209,305,0,0
u209,335,0,0
u209,365,0,0
u209,395,0,0
u209,425,0,0
u209,455,0,0
u209,485,0,0
u209,515,0,0
u209,545,0,0
u209,575,0,0
u209,605,0,0
u209,635,0,0
u209,665,0,0
u209,695,0,0
u209,725,0,0
u209,755,0,0
u209,785,0,0
u209,815,0,0
u209,845,0,0
u309,5,0,0
u309,35,0,0
u309,65,0,0
u309,95,0,1
u309,125,0,0
u309,155,0,0
u309,185,0,0
u309,215,0,1
u309,245,0,0
u309,275,0,0
u309,305,0,0
u309,335,0,1
u309,365,0,0
u309,395,0,0
u309,425,0,0
u309,455,0,0
u309,485,0,0
u309,515,0,0
u309,545,0,0
u309,575,0,0
u309,605,0,0
u309,635,0,0
u309,665,0,0
u309,695,0,0
u309,725,0,0
u309,755,0,0
u309,785,0,0
u309,815,0,0
u309,845,0,0
u509,5,0,0
u509,35,0,0
u509,65,0,0
u509,95,0,0
u509,125,0,0
u509,155,0,0
u509,185,0,1
u509,215,0,0
u509,245,0,0
u509,275,0,0
u509,305,0,0
u509,335,0,0
u509,365,0,0
u509,395,0,0
u509,425,0,0
u509,455,0,0
u509,485,0,0
u509,515,0,1
u509,545,0,0
u509,575,0,0
u509,605,0,0
u509,635,0,0
u509,665,0,0
u509,695,0,0
u509,725,0,0
u509,755,0,1
u509,785,0,0
u509,815,0,0
u509,845,0,0
u609,5,0,0
u609,35,0,0
u609,65,0,0
u609,95,0,0
u609,125,0,0
u609,155,0,0
u609,185,0,0
u609,215,0,0
u609,245,0,0
u609,275,0,0
u609,305,0,0
u609,335,0,0
u609,365,0,0
u609,395,0,0
u609,425,0,0
u609,455,0,0
u609,485,0,0
u609,515,0,0
u609,545,0,0
u609,575,0,0
u609,605,0,0
u609,635,0,0
u609,665,0,0
u609,695,0,0
u609,725,0,0
u609,755,0,0
u609,785,0,0
u609,815,0,0
u609,845,0,0
u709,5,0,0
u709,35,0,0
u709,65,0,0
u709,95,0,0
u709,125,0,0
u709,155,0,0
u709,185,0,0
u709,215,0,0
u709,245,0,0
u709,275,0,0
u709,305,0,0
u709,335,0,0
u709,365,0,0
u709,395,0,0
u709,425,0,0
u709,455,0,0
u709,485,0,0
u709,515,0,0
u709,545,0,0
u709,575,0,0
u709,605,0,0
u709,635,0,0
u709,665,0,0
u709,695,0,0
u709,725,0,0
u709,755,0,0
u709,785,0,0
u709,815,0,0
u709,845,0,0
